ef,Recall@10,Exact_Time,Build_Time,Query_Time,QPS
100,0.9958499994728054,11.27902337168193,0.20047713261714592,0.19417176059218813,103001.87893176095
