N,K,M,ef_construction,ef,recall_at_10,build_time_sec,query_time_sec,qps,exact_time_sec
20000,10,16,100,100,0.995865,0.19716215133666992,0.19564223289489746,102227.41636129435,3.5854249000549316
