N,K,M,ef_construction,ef,recall_at_10,build_time_sec,query_time_sec,qps,exact_time_sec
20000,10,16,100,50,0.987335,0.2542524337768554,0.0947053432464599,211181.3263582421,6.614164590835571
