N,K,M,ef_construction,ef,recall_at_10,build_time_sec,query_time_sec,qps,exact_time_sec
20000,10,32,400,200,0.999925,3.4733471870422363,3.718615293502808,5378.346083539254,6.834370374679565
