N,K,M,ef_construction,ef,recall,build_time,query_time,qps
20000,10,16,100,100,0.9958599999999999,0.20466852188110352,0.19090771675109863,104762.65884042587
