N,K,M,ef_construction,ef,recall,build_time,query_time,qps
20000,10,16,100,100,0.9958599999999999,0.2260608673095703,0.21677637100219727,92260.97801866643
