N,K,M,ef_construction,ef,recall,build_time,query_time,qps
20000,10,16,100,100,0.995825,0.2067708969116211,0.2005925178527832,99704.61617455838
