N,K,M,ef_construction,ef,recall,build_time,query_time,qps
20000,10,16,100,100,0.995935,0.21741986274719238,0.2489333152770996,80342.80175691647
