N,K,M,ef_construction,ef,recall,build_time,query_time,qps
20000,10,16,100,100,0.9959,0.2064220905303955,0.20243120193481445,98798.99841942482
