N,K,M,ef_construction,ef,recall,build_time,query_time,qps
20000,10,16,100,100,0.9958450000000001,0.20741701126098633,0.2049262523651123,97596.08527055122
