N,K,M,ef_construction,ef,recall,build_time,query_time,qps
20000,10,16,100,100,0.9958049999999999,0.1971147060394287,0.19202518463134766,104153.00492170466
