N,K,M,ef_construction,ef,recall,build_time,query_time,qps
20000,10,16,100,100,0.9958799999999999,0.19626522064208984,0.19039320945739746,105045.76322337387
