N,K,M,ef_construction,ef,recall,build_time,query_time,qps
20000,10,16,100,100,0.9958950000000001,0.19742798805236816,0.19277262687683105,103749.16980707367
