N,K,M,ef_construction,ef,recall,build_time,query_time,qps
20000,10,16,100,100,0.995815,0.21001982688903809,0.2089686393737793,95708.1409915594
