N,K,M,ef_construction,ef,recall,build_time,query_time,qps
20000,10,16,100,100,0.9958050000000002,0.20720911026000977,0.20294499397277832,98548.87084666235
