N,K,M,ef_construction,ef,recall,build_time,query_time,qps
20000,10,16,100,100,0.9958649999999998,0.19809865951538086,0.18946313858032227,105561.43084012654
