N,K,M,ef_construction,ef,recall,build_time,query_time,qps
20000,10,16,100,100,0.9959450000000001,0.20684361457824707,0.2041940689086914,97946.03783983224
